id;jahr;vorname;name;partei
1850101;2018;Dr. Markus;Söder;1301
1850102;2018;Joachim;Herrmann;1301
1850103;2018;Hans;Herold;1301
1850104;2018;Manuel;Westphal;1301
1850105;2018;Petra;Guttenberger;1301
1850106;2018;Norbert;Dünkel;1301
1850107;2018;Andreas;Schalk;1301
1850108;2018;Karl;Freller;1301
1850109;2018;Volker;Bauer;1301
1850110;2018;Walter;Nussel;1301
1850111;2018;Barbara;Regitz;1301
1850112;2018;Jochen;Kohler;1301
1850113;2018;Alfons;Brandl;1301
1850114;2018;Renate;Ixmeier;1301
1850115;2018;Cornelia;Trinkl;1301
1850116;2018;Peter;Höfler;1301
1850117;2018;Ursula;Dietzel;1301
1850118;2018;Bastian;Gebhardt;1301
1850119;2018;Jörg;Volleth;1301
1850120;2018;Alexander;Hommel;1301
1850121;2018;Gerlinde;Mathes;1301
1850122;2018;Gabriele;Lay;1301
1850123;2018;Lutz;Quester;1301
1850124;2018;Alexandra;Beugel-Hilz;1301
1850201;2018;Horst;Arnold;1302
1850202;2018;Alexandra;Hiersemann;1302
1850203;2018;Stefan;Schuster;1302
1850204;2018;Arif;Tasdelen;1302
1850205;2018;Harry;Scheuenstuhl;1302
1850206;2018;Andrea;Lipka;1302
1850207;2018;Kerstin;Gardill;1302
1850208;2018;Claudia;Arabackyj;1302
1850209;2018;Marcel;Schneider;1302
1850210;2018;Dr. Philipp;Dees;1302
1850211;2018;Harald;Dösel;1302
1850212;2018;Norbert;Ringler;1302
1850213;2018;Manuela;Biersack;1302
1850214;2018;Dr. Katrin;Hurle;1302
1850215;2018;Monika;Bentz;1302
1850216;2018;Lukas;Ott;1302
1850217;2018;Andreas;Schermeyer;1302
1850218;2018;Martina;Borgendale;1302
1850219;2018;Felix;Gmöhling;1302
1850220;2018;Vitali;Liberov;1302
1850221;2018;Svenja;Spiegel-Schmidt;1302
1850222;2018;Jonas;Zinnecker;1302
1850223;2018;Stefan;Fleischmann;1302
1850224;2018;Dionisia;Vlachou;1302
1850301;2018;Dr. Peter;Bauer;1303
1850302;2018;Gabi;Schmidt;1303
1850303;2018;Wolfgang;Hauber;1303
1850304;2018;Thomas;Schneider;1303
1850305;2018;Christian;Enz;1303
1850306;2018;Angelika;Feisthammel;1303
1850307;2018;Dr. Gunther;Moll;1303
1850308;2018;Stephan;Beck;1303
1850309;2018;Marco;Meier;1303
1850310;2018;Marion;Kuhnert;1303
1850311;2018;Jürgen;Dörfler;1303
1850312;2018;Alexander;Schenkel;1303
1850313;2018;Hermann;Kratzer;1303
1850314;2018;Jürgen;Niedermann;1303
1850315;2018;Heidi;Lau;1303
1850316;2018;Michael;Vogel;1303
1850317;2018;Stefan-Hans;Tiefel;1303
1850318;2018;Christian;Huber;1303
1850319;2018;Otto;Sparrer;1303
1850320;2018;Michael;Schölkopf;1303
1850321;2018;Holger;Riedelbauch;1303
1850322;2018;Gabi;Bleisteiner;1303
1850323;2018;Felix;Kißlinger;1303
1850324;2018;Michael;Vahldiek;1303
1850401;2018;Verena;Osgyan;1304
1850402;2018;Martin;Stümpfig;1304
1850403;2018;Markus;Ganserer;1304
1850404;2018;Barbara;Fuchs;1304
1850405;2018;Dr. Sabine;Weigand;1304
1850406;2018;Christian;Zwanziger;1304
1850407;2018;Elmar;Hayn;1304
1850408;2018;Astrid;Marschall;1304
1850409;2018;Gabriele;Drechsler;1304
1850410;2018;André;Höftmann;1304
1850411;2018;Winfried;Kucher;1304
1850412;2018;Andreas;Hofmann;1304
1850413;2018;Achim;Schubarth;1304
1850414;2018;Gabriela;Schaaf;1304
1850415;2018;Peter;Weierich;1304
1850416;2018;Heidemarie;Deffner;1304
1850417;2018;Cornelia;Thomas;1304
1850418;2018;Klaus;Neunhoeffer;1304
1850419;2018;Karin;Peucker-Göbel;1304
1850420;2018;Eva;Hammer;1304
1850421;2018;Anja;Herling;1304
1850422;2018;Tom;Aurnhammer;1304
1850423;2018;René;Reichel;1304
1850424;2018;Isa;Romstoeck;1304
1850501;2018;Matthias;Fischbach;1305
1850502;2018;Dr. Jan;Dunker;1305
1850503;2018;Alexander;Hanel;1305
1850504;2018;Ümit;Sormaz;1305
1850505;2018;Stephan;Eichmann;1305
1850506;2018;Andreas;Neuner;1305
1850507;2018;Boulent;Ekrem;1305
1850508;2018;Luca;Scharf;1305
1850509;2018;Franz;Fleischer;1305
1850510;2018;Bernd;List;1305
1850511;2018;Stefan;Stromberger;1305
1850512;2018;Gabriele;Bartram;1305
1850513;2018;Nils;Ahrens;1305
1850514;2018;Johanna;Mathes;1305
1850515;2018;Dr. Walburga;Kumar;1305
1850516;2018;Daniela;Rißmann;1305
1850517;2018;Dr. Annette;Rotermund-Fritsche;1305
1850518;2018;Carl Heimeran;Lerchenfeld Freiherr;1305
1850519;2018;Dr. Christoph;Eipper;1305
1850520;2018;Sabine;Endres;1305
1850521;2018;Agnes;Meier;1305
1850522;2018;Edith;Heußer;1305
1850523;2018;Ralf;Markert;1305
1850524;2018;Sebastian;Meding von;1305
1850601;2018;Niklas;Haupt;1306
1850602;2018;Debora;Pihan;1306
1850603;2018;Gizem;Fesli;1306
1850604;2018;Uwe;Halla;1306
1850605;2018;Lukas;Eitel;1306
1850606;2018;Stefan;Gerbig;1306
1850607;2018;Michael;Beuckert;1306
1850608;2018;Anton;Salzbrunn;1306
1850609;2018;René;Wiedmann;1306
1850610;2018;Heinz;Rettlinger;1306
1850611;2018;Henry;Förster;1306
1850612;2018;Sibylle;Trenkner;1306
1850613;2018;Tino;Schwarz;1306
1850614;2018;Harald;Weinberg;1306
1850615;2018;Heidi;Müller;1306
1850616;2018;Mechthild;Greim;1306
1850617;2018;Ulrich;Schönweiß;1306
1850618;2018;Anna;Mayer;1306
1850619;2018;Angelika;Lüdemann;1306
1850620;2018;Anny;Heike;1306
1850621;2018;Christiane;Feldmann;1306
1850622;2018;Christa;Krapf;1306
1850623;2018;Tamara;Vigilante Raffa;1306
1850624;2018;Giesberta;Pirner;1306
1850701;2018;Michael;Brendecke;1307
1850702;2018;Klaus-Peter;Rinke;1307
1850703;2018;Josef;Mauderer;1307
1850704;2018;Michaela;Weigl;1307
1850705;2018;Manfred;Kral;1307
1850706;2018;Peter;Hoff;1307
1850707;2018;Irmtraud;Bock;1307
1850708;2018;Martin;Häring;1307
1850709;2018;Fatimah;Brendecke;1307
1850710;2018;Werner;Braungardt;1307
1850711;2018;Rafael;Bogacki;1307
1850712;2018;Jonas;Peppenauer;1307
1850801;2018;Jürgen;Osterlänger;1308
1850802;2018;Frank;Höppel;1308
1850803;2018;Günther;Brendle-Behnisch;1308
1850804;2018;Roland;Wolkersdorfer;1308
1850805;2018;Reinhard;Ebert;1308
1850806;2018;Hans;Anschütz;1308
1850807;2018;Manfred;Reinhart;1308
1850808;2018;Christian;Rechholz;1308
1850809;2018;Franz;Stryz;1308
1850810;2018;Ludwig;Hager;1308
1850811;2018;Claudia;Zankl;1308
1850812;2018;Dr. Krzysztof;Malowaniec;1308
1850813;2018;Norbert;Spiegel;1308
1850814;2018;Paul;Sichermann;1308
1850815;2018;Maria;Hetzel;1308
1850816;2018;Simon;Scherer;1308
1850817;2018;Thomas;Schrollinger;1308
1850818;2018;Christian;Stadelmann;1308
1850819;2018;Johannes;Maibom;1308
1850820;2018;Leif;Grahn;1308
1850821;2018;Martin;Klein;1308
1850822;2018;Daniela;May;1308
1850823;2018;Christian;Ullmann;1308
1850824;2018;Heinrich;Ott;1308
1850901;2018;Matthias;Windisch;1309
1850902;2018;Florian;Betz;1309
1850903;2018;Hilmar;Vogel;1309
1850904;2018;Jürgen;Purzner;1309
1850905;2018;Markus;Wanger;1309
1850906;2018;Stefan;Warsinke;1309
1850907;2018;Michael;Ceglar;1309
1850908;2018;Peter;Reitmaier;1309
1850909;2018;Erich;Turnwald-Kurtz;1309
1850910;2018;Wolfgang;Rank;1309
1850911;2018;Hayo;Körber;1309
1850912;2018;Daniel;Radojevic;1309
1851001;2018;Robert;Gattenlöhner;1310
1851002;2018;Klaus;Wagner;1310
1851003;2018;Andreas;Brandl;1310
1851004;2018;Paul;Trutz;1310
1851005;2018;Dr. David;Bartlitz;1310
1851006;2018;Karola;Kistler;1310
1851007;2018;Carola;Ackermann;1310
1851008;2018;Martin;Wagner;1310
1851009;2018;Ulrich;Reinwald;1310
1851010;2018;Werner;Bloos;1310
1851011;2018;Bianka;Turinsky;1310
1851012;2018;Elke;Gattenlöhner;1310
1851013;2018;Klaus;Sommerkorn;1310
1851014;2018;Edeltraud;Haas;1310
1851015;2018;Ralph;Zagel;1310
1851016;2018;Harald;Hirsch;1310
1851017;2018;Regina;Raber;1310
1851018;2018;Marco;Dorsch;1310
1851019;2018;Roland;Zehner;1310
1851020;2018;Christian;Grupe;1310
1851021;2018;Olga;Nikol;1310
1851022;2018;Franz;Gsänger;1310
1851023;2018;Werner;Hasenest;1310
1851024;2018;Roland;Pudalik;1310
1851101;2018;Raimund;Swoboda;1311
1851102;2018;Dr. Ralph;Müller;1311
1851103;2018;Ferdinand;Mang;1311
1851104;2018;Johannes;Meier;1311
1851105;2018;Claus-Georg;Pleyer;1311
1851106;2018;Dr. Wolfgang Marc;Dörner;1311
1851107;2018;Matthias;Vogler;1311
1851108;2018;Siegfried;Lang;1311
1851109;2018;Peter;Konrad;1311
1851110;2018;Klaus;Wahner;1311
1851111;2018;Michael;Meister;1311
1851112;2018;René;Jentzsch;1311
1851301;2018;Christine;Deutschmann;1313
1851302;2018;Susanne;Philipp;1313
1851303;2018;Andrea;Bullmer;1313
1851304;2018;Herbert;Turetschek;1313
1851305;2018;Renate;Ackermann;1313
1851306;2018;Wolfgang;Wohlgemuth;1313
1851307;2018;Dieter;Weberpals;1313
1851308;2018;Ute;Wolfram;1313
1851309;2018;Martina;Schößwender;1313
1851310;2018;Larissa-Katharina;Philipp;1313
1851311;2018;Helmut;Keller;1313
1851312;2018;Arwen;Schnack;1313
1851313;2018;Carina;Wohlgemuth;1313
1851314;2018;Rainer;Lengenfelder;1313
1851315;2018;Melina;Wohlgemuth;1313
1851316;2018;Dieter;Flohr;1313
1851317;2018;Tobias;Deutschmann;1313
1851318;2018;Wolfgang;Nißlbeck;1313
1851319;2018;David;Meier;1313
1851320;2018;Manfred;Kindler;1313
1851321;2018;Karlheinz;Philipp;1313
1851501;2018;Patrick;Volkert;1315
1851502;2018;Dr. Jan;Dörrie;1315
1851503;2018;Jörg;Knapp;1315
1851504;2018;Julian;Roser;1315
1851505;2018;Rainer;Kristuf;1315
1851506;2018;Josefine;Neidnicht;1315
1851507;2018;Yannik;Pleick;1315
1851508;2018;Leon;Hubatsch;1315
1851509;2018;Simon;Schelte;1315
1851601;2018;Andrea;Beyerlein;1316
1851602;2018;Alexander;Preis;1316
1851603;2018;Stefan;Asbeck;1316
1851801;2018;Markus;Streck;1318
1851802;2018;Michaela;Maurer;1318
1851803;2018;Doris;Dischner;1318
1851804;2018;Simone;Michalko;1318
1851805;2018;Marie Alin;Erler;1318
1851806;2018;Melanie;Näser;1318
1851807;2018;Daniel;Moshammer;1318
1851808;2018;Daniel;Garratt;1318
1851809;2018;Michaela;Fischer;1318
1851810;2018;Amina;Sibai;1318
1820101;2018;Bernd;Sibler;1301
1820102;2018;Josef;Zellmeier;1301
1820103;2018;Dr. Gerhard;Waschler;1301
1820104;2018;Dr. Petra;Loibl;1301
1820105;2018;Walter;Taubeneder;1301
1820106;2018;Petra;Högl;1301
1820107;2018;Helmut;Radlmeier;1301
1820108;2018;Max;Gibis;1301
1820109;2018;Martin;Wagle;1301
1820110;2018;Hans;Ritt;1301
1820111;2018;Monika;Haderer;1301
1820112;2018;Stefan;Meyer;1301
1820113;2018;Oliver;Antretter;1301
1820114;2018;Harald;Haase;1301
1820115;2018;Dr. Ralph;Pütz;1301
1820116;2018;Benjamin;Taitsch;1301
1820117;2018;Andreas;Diermeier;1301
1820118;2018;Johannes;Binder;1301
1820201;2018;Ruth;Müller;1302
1820202;2018;Christian;Flisek;1302
1820203;2018;Dr. Bernd;Vilsmeier;1302
1820204;2018;Sabine;Mayerhofer;1302
1820205;2018;Bettina;Blöhm;1302
1820206;2018;Harald;Unfried;1302
1820207;2018;Florian;Huber;1302
1820208;2018;Dr. Olaf;Sommerfeld;1302
1820209;2018;Valentin;Kuby;1302
1820210;2018;Josef;Süß;1302
1820211;2018;Stephan;Schweiger;1302
1820212;2018;Hans;Hutter;1302
1820213;2018;Dr. Jürgen;Rampmaier;1302
1820214;2018;Robert;Kröll;1302
1820215;2018;Sebastian;Hutzenthaler;1302
1820216;2018;Martin;Kreutz;1302
1820217;2018;Martin;Rapke;1302
1820218;2018;Peter;Kaltenhauser;1302
1820301;2018;Hubert;Aiwanger;1303
1820302;2018;Jutta;Widmann;1303
1820303;2018;Dr. Hubert;Faltermeier;1303
1820304;2018;Manfred;Eibl;1303
1820305;2018;Tobias;Beck;1303
1820306;2018;Roswitha;Toso;1303
1820307;2018;Werner;Schießl;1303
1820308;2018;Dr. Georg;Meiski;1303
1820309;2018;Christian;Lindinger;1303
1820310;2018;Stephan;Weckmann;1303
1820311;2018;Gerhild;Maiwald;1303
1820312;2018;Helmut;Fichtner;1303
1820313;2018;Stefanie;Fischer;1303
1820314;2018;Annette;Walter-Kilian;1303
1820315;2018;Georg;Bauer;1303
1820316;2018;Jakob;Hirmer;1303
1820317;2018;Herbert;Daiberl;1303
1820318;2018;Helmut;Schneemayer;1303
1820401;2018;Rosi;Steinberger;1304
1820402;2018;Toni;Schuberl;1304
1820403;2018;Marlene;Schönberger;1304
1820404;2018;Matthias;Weigl;1304
1820405;2018;Sigi;Hagl;1304
1820406;2018;Jens;Schlüter;1304
1820407;2018;Feride;Niedermeier;1304
1820408;2018;Christian;Heilmann;1304
1820409;2018;Daniel;Stephan;1304
1820410;2018;Günther;Reiser;1304
1820411;2018;Eike;Hallitzky;1304
1820412;2018;Richard;Zieglmeier;1304
1820413;2018;Sabine;Lindner;1304
1820414;2018;Matthias;Ernst;1304
1820415;2018;Wolfgang;Schwimmer;1304
1820416;2018;Lorenz;Rabanter;1304
1820417;2018;Maria;Kalin;1304
1820418;2018;Antje;Laux;1304
1820501;2018;Alexander;Muthmann;1305
1820502;2018;Norbert;Hoffmann;1305
1820503;2018;Josefa;Schmid;1305
1820504;2018;Andreas;Dittlmann;1305
1820505;2018;Marco Thomas;Altinger;1305
1820506;2018;Jake;Curtis;1305
1820507;2018;Bettina;Illein;1305
1820508;2018;Dominik;Heuwieser;1305
1820509;2018;Kenneth;Kooter;1305
1820510;2018;Franz;Egerer;1305
1820511;2018;Carmen;Brücher;1305
1820512;2018;Ernst;Binner;1305
1820513;2018;Anna;Däullary;1305
1820514;2018;Claus;Rothlehner;1305
1820515;2018;Ulrich;Falk;1305
1820516;2018;Karl;Hauser;1305
1820517;2018;Jörg;Heimbeck;1305
1820518;2018;Florian Christopher;Fleming;1305
1820601;2018;Josef;Ilsanker;1306
1820602;2018;Karl Heinz;Ringlstetter;1306
1820603;2018;Aleksandra;Freinecker;1306
1820604;2018;Johannes;Spielbauer;1306
1820605;2018;Stefan;Hemmann;1306
1820606;2018;Christina;Süß;1306
1820607;2018;Johannes;Hagnauer;1306
1820608;2018;Wolfgang;Reddies;1306
1820609;2018;Mirco;Kalkkuhl;1306
1820610;2018;Johannes;Freinecker;1306
1820611;2018;Susanne;Fischer;1306
1820612;2018;Markus;Jocham;1306
1820613;2018;Marco;Stöger;1306
1820614;2018;Gottfried;Beicht;1306
1820615;2018;Joseph;Schanzer;1306
1820616;2018;Dennis;Neubert;1306
1820617;2018;Udo;Fischer;1306
1820701;2018;Franz;Maier;1307
1820702;2018;Fritz;Zirngibl;1307
1820703;2018;Thomas;Pfeffer;1307
1820704;2018;Anton;Maller;1307
1820705;2018;Florian;Geisenfelder;1307
1820706;2018;Hans-Jürgen;Müller;1307
1820707;2018;Manuel Georg;Schindlbeck;1307
1820708;2018;Robert;Neuhauser;1307
1820709;2018;Hans;Kapfer;1307
1820710;2018;Kai-Uwe;Hafer;1307
1820711;2018;Matthias;Prade;1307
1820712;2018;Maximilian;Rechenmacher;1307
1820713;2018;Robert;Manz;1307
1820714;2018;Gerhard;Schweiberger;1307
1820715;2018;Florian;Thurmeier;1307
1820716;2018;Thomas;Heilmeier;1307
1820717;2018;Peter;Frömel;1307
1820718;2018;Stefan;Kaunzinger;1307
1820801;2018;Agnes;Becker;1308
1820802;2018;Bernhard;Suttner;1308
1820803;2018;Walter;Dankesreiter;1308
1820804;2018;Urban;Mangold;1308
1820805;2018;Edith;Lirsch;1308
1820806;2018;Klaus;Seufzger;1308
1820807;2018;Elisabeth;Weindl;1308
1820808;2018;Anne;Rottengruber;1308
1820809;2018;Marie-Sophie;Vogel;1308
1820810;2018;Alois;Aigner;1308
1820811;2018;Michael;Köberl;1308
1820812;2018;Christian;Kerschl;1308
1820813;2018;Josef;Gold;1308
1820814;2018;Annette;Setzensack;1308
1820815;2018;Lorenz;Heilmeier;1308
1820816;2018;Günther;Iglhaut;1308
1820817;2018;Ingrid;Ohly;1308
1820818;2018;Rudolf;Neuhierl;1308
1820901;2018;Mario;Filakovic;1309
1821101;2018;Katrin;Ebner-Steiner;1311
1821102;2018;Josef;Seidl;1311
1821103;2018;Ralf;Stadler;1311
1821104;2018;Oskar;Atzinger;1311
1821105;2018;Johann;Müller;1311
1821106;2018;Günter;Straßberger;1311
1821107;2018;Wolfgang;Hansbauer;1311
1821108;2018;Manfred;Kleinschwärzer;1311
1821109;2018;Peter A.;Gebhardt;1311
1821110;2018;Simon;Bucher;1311
1821111;2018;Werner;Kriegl;1311
1821112;2018;Gertraud;Sicker;1311
1821113;2018;Andreas;Meißner;1311
1821114;2018;Hedwig;Welsch-Ficklscherer;1311
1821301;2018;Maximilian;Geisel;1313
1821302;2018;Fabian;Helmich;1313
1821303;2018;Johann;Feirer;1313
1821304;2018;Annegret;Rau;1313
1821305;2018;Helga;Feirer;1313
1821306;2018;Anna;Pollner;1313
1821307;2018;Vanessa;Gebsattel-Ederer;1313
1821308;2018;Margit;Zens;1313
1821309;2018;Ina;Hofmann;1313
1821310;2018;Monika;Drathschmid;1313
1821311;2018;Manfred Martin;Drescher;1313
1821312;2018;Anna Christina;Zens;1313
1821313;2018;Konrad;Zens;1313
1821314;2018;Ferdinand;Pohler;1313
1821701;2018;Gertraud;Götz-Volkmann;1317
1821702;2018;Bernd Joseph;Seidemann;1317
1821703;2018;Kaspar;Obermüller;1317
1821704;2018;Carina;Huber;1317
1821705;2018;Martina;Schlesinger;1317
1821706;2018;Ingrid;Röhrner;1317
1821801;2018;Johann;Kiermaier;1318
1810101;2018;Ilse;Aigner;1301
1810102;2018;Dr. Marcel;Huber;1301
1810103;2018;Josef;Schmid;1301
1810104;2018;Dr. Florian;Herrmann;1301
1810105;2018;Michaela;Kaniber;1301
1810106;2018;Harald;Kühn;1301
1810107;2018;Dr. Ludwig;Spaenle;1301
1810108;2018;Tanja;Schorer-Dremel;1301
1810109;2018;Martin;Bachhuber;1301
1810110;2018;Alex;Dorow;1301
1810111;2018;Kerstin;Schreyer;1301
1810112;2018;Otto;Lederer;1301
1810113;2018;Markus;Blume;1301
1810114;2018;Ulrike;Scharf;1301
1810115;2018;Klaus;Steiner;1301
1810116;2018;Klaus;Stöttner;1301
1810117;2018;Benjamin;Miskowitsch;1301
1810118;2018;Alfred;Grob;1301
1810119;2018;Ernst;Weidenbusch;1301
1810120;2018;Thomas;Huber;1301
1810121;2018;Dr. Martin;Huber;1301
1810122;2018;Bernhard;Seidenath;1301
1810123;2018;Georg;Eisenreich;1301
1810124;2018;Dr. Ute;Eiling-Hütig;1301
1810125;2018;Karl;Straub;1301
1810126;2018;Matthias;Enghuber;1301
1810127;2018;Andreas;Lorenz;1301
1810128;2018;Mechthilde;Wittmann;1301
1810129;2018;Dr. Hans;Theiss;1301
1810130;2018;Robert;Brannekämper;1301
1810131;2018;Tina;Pickert;1301
1810132;2018;Dr. Thomas;Goppel;1301
1810133;2018;Markus;Fröschl;1301
1810134;2018;Dr. Marion;Kiechle;1301
1810135;2018;Daniel;Artmann;1301
1810136;2018;Thomas;Schreder;1301
1810137;2018;Georg;Scheitz;1301
1810138;2018;Georg;Kittenrainer;1301
1810139;2018;August;Haas;1301
1810140;2018;Christian;Moser;1301
1810141;2018;Johann;Schwaiger;1301
1810142;2018;Dr. Matthias;Schickel;1301
1810143;2018;Alexander;Heimisch;1301
1810144;2018;Stephanie;Pollmann;1301
1810145;2018;Lutz;Heese;1301
1810146;2018;Rolf-Jürgen;Picker;1301
1810201;2018;Natascha;Kohnen;1302
1810202;2018;Markus;Rinderspacher;1302
1810203;2018;Doris;Rauscher;1302
1810204;2018;Florian;Ritter;1302
1810205;2018;Florian;Brunn von;1302
1810206;2018;Ruth;Waldmann;1302
1810207;2018;Diana;Stachowitz;1302
1810208;2018;Isabell;Zacharias;1302
1810209;2018;Martin;Güll;1302
1810210;2018;Christiane;Kern;1302
1810211;2018;Annette;Ganssmüller-Maluche;1302
1810212;2018;Günther;Knoblauch;1302
1810213;2018;Peter;Falk;1302
1810214;2018;Micky;Wenngatz;1302
1810215;2018;Christian;Winklmeier;1302
1810216;2018;Sepp;Parzinger;1302
1810217;2018;Dr. Mike;Malm;1302
1810218;2018;Dr. Christoph;Spaeth;1302
1810219;2018;Dr. Michael;Ott;1302
1810220;2018;Alexandra;Burgmaier;1302
1810221;2018;Christian;De Lapuente;1302
1810222;2018;Dominik;Streit;1302
1810223;2018;Markus;Käser;1302
1810224;2018;Susanne;Aigner;1302
1810225;2018;Gertrud;Eichinger;1302
1810226;2018;Kilian;Maier;1302
1810227;2018;Britta;Promann;1302
1810228;2018;Markus;Grill;1302
1810229;2018;Verena;Schmidt-Völlmecke;1302
1810230;2018;Robert;Kühn;1302
1810231;2018;Andreas;Fischer;1302
1810301;2018;Florian;Streibl;1303
1810302;2018;Dr. Michael;Piazolo;1303
1810303;2018;Benno;Zierer;1303
1810304;2018;Susann;Enders;1303
1810305;2018;Roland;Weigert;1303
1810306;2018;Nikolaus;Kraus;1303
1810307;2018;Eva;Gottstein;1303
1810308;2018;Hans;Friedl;1303
1810309;2018;Christine;Degenhart;1303
1810310;2018;Mary;Fischer;1303
1810311;2018;Dr. Ilse;Ertl;1303
1810312;2018;Martina;Purkhardt;1303
1810313;2018;Dr. Lothar;Seissiger;1303
1810314;2018;Rainer;Mehringer;1303
1810315;2018;Georg;Stockinger;1303
1810316;2018;Michael;Koller;1303
1810317;2018;Johann;Krichenbauer;1303
1810318;2018;Matthias;Vilsmayer;1303
1810319;2018;Albert;Gürtner;1303
1810320;2018;Ute;Schiller-Schulze;1303
1810321;2018;Gisela;Hölscher;1303
1810322;2018;Markus;Erhorn;1303
1810323;2018;Markus;Saller;1303
1810324;2018;Petra;Flauger;1303
1810325;2018;Lilian;Edenhofer;1303
1810326;2018;Felix;Stahl;1303
1810327;2018;Dr. Jörg;Breyer;1303
1810328;2018;Linus;Springer;1303
1810329;2018;Martin;Blasi;1303
1810330;2018;Karl-Heinz;Wittmann;1303
1810331;2018;Josef;Blank;1303
1810332;2018;Maria;Scharlach;1303
1810333;2018;Harald;Müller;1303
1810334;2018;Andreas;Obermüller;1303
1810335;2018;Renate;Wengenmaier;1303
1810336;2018;Benedikt;Hoigt;1303
1810337;2018;Maria;Kaltner;1303
1810338;2018;Fritz;Grübl;1303
1810339;2018;Barbara;Stein;1303
1810340;2018;Dr. Thorsten;Schüler;1303
1810341;2018;Bernd;Heilmeier;1303
1810342;2018;Gökhan;Deger;1303
1810401;2018;Katharina;Schulze;1304
1810402;2018;Ludwig;Hartmann;1304
1810403;2018;Gisela;Sengl;1304
1810404;2018;Gülseren;Demirel;1304
1810405;2018;Dr. Martin;Runge;1304
1810406;2018;Christian;Hierneis;1304
1810407;2018;Hep;Monatzeder;1304
1810408;2018;Dr. Markus;Büchler;1304
1810409;2018;Claudia;Köhler;1304
1810410;2018;Andreas;Krahl;1304
1810411;2018;Gabriele;Triebel;1304
1810412;2018;Johannes;Becher;1304
1810413;2018;Anne;Franke;1304
1810414;2018;Florian;Siekmann;1304
1810415;2018;Susanne;Kurz;1304
1810416;2018;Hans;Urban;1304
1810417;2018;Benjamin;Adjei;1304
1810418;2018;Leonhard;Hinterholzer;1304
1810419;2018;Thomas;Sarnowski von;1304
1810420;2018;Dr. Bernhard;Zimmer;1304
1810421;2018;Andreas;Baier;1304
1810422;2018;Martin;Knobel;1304
1810423;2018;Ursula;Frank-Mayer;1304
1810424;2018;Thomas;Kreß;1304
1810425;2018;Thomas;Tomaschek;1304
1810426;2018;Dr. Thorsten;Kellermann;1304
1810427;2018;Stephanie;Kürten;1304
1810428;2018;Dr. Sepp;Dürr;1304
1810429;2018;Klaus;Bittlmayer;1304
1810430;2018;Judith;Bogner;1304
1810431;2018;Wilhelm;Reim;1304
1810432;2018;Karola;Schwarz;1304
1810433;2018;Susanne;Günther;1304
1810434;2018;Marese;Hoffmann;1304
1810435;2018;Marina;Müller;1304
1810436;2018;Waltraud;Gruber;1304
1810437;2018;Dr. Rupert;Ebner;1304
1810438;2018;Albert;Aschauer;1304
1810439;2018;Sabine;Nallinger;1304
1810440;2018;Andrea;Rosner;1304
1810441;2018;Gerhard;Waas;1304
1810442;2018;Helga;Stieglmeier;1304
1810443;2018;Anna;Hanusch;1304
1810444;2018;Barbara;Schwendner;1304
1810445;2018;Angelika;Pilz-Strasser;1304
1810446;2018;Walburga;Mörtl-Körner;1304
1810447;2018;Anna Sophia;Körner;1304
1810448;2018;Jutta;Koller;1304
1810449;2018;Dr. Florian;Roth;1304
1810450;2018;Johanna;Sührig;1304
1810451;2018;Katrin;Habenschaden;1304
1810452;2018;Bernd;Pfitzner;1304
1810453;2018;Stefanie;König;1304
1810454;2018;Luise;Krispenz;1304
1810455;2018;Alexander;Müllejans;1304
1810456;2018;Marie;Freitag;1304
1810457;2018;Anna;Schmidhuber;1304
1810458;2018;Barbara;Prügl;1304
1810459;2018;Johannes;Küster;1304
1810460;2018;Alexander;Miklósy;1304
1810461;2018;Carmen;Dullinger-Oßwald;1304
1810501;2018;Martin;Hagen;1305
1810502;2018;Helmut;Markwort;1305
1810503;2018;Dr. Wolfgang;Heubisch;1305
1810504;2018;Albert;Duin;1305
1810505;2018;Julika;Sandt;1305
1810506;2018;Britta;Hundesrügge;1305
1810507;2018;Gabriele;Neff;1305
1810508;2018;Thomas;Jännert;1305
1810509;2018;Andreas;Keck;1305
1810510;2018;Anke;Pöhlmann;1305
1810511;2018;Ulla;Schäfer;1305
1810512;2018;Ursula;Lex;1305
1810513;2018;Dr. Walter;Buggisch;1305
1810514;2018;Sabrina;Böcking;1305
1810515;2018;Martin;Zeil;1305
1810516;2018;Jakob;Schäuble;1305
1810517;2018;Klement;Bezdeka;1305
1810518;2018;Michael;Linnerer;1305
1810519;2018;Dr. Frank;Sommerfeld;1305
1810520;2018;Josef;Schäch;1305
1810521;2018;Ulrich;Bode;1305
1810522;2018;Manfred;Krönauer;1305
1810523;2018;Alexander;Müller;1305
1810524;2018;Fritz;Haugg;1305
1810525;2018;Dr. Jens;Barschdorf;1305
1810526;2018;Thomas;Schön;1305
1810527;2018;Christian;Korn;1305
1810528;2018;Dr. Rudolf;Saller;1305
1810529;2018;Wilhelm;Gschossmann;1305
1810530;2018;Michael;Gumppenberg Freiherr;1305
1810531;2018;Peter;Corticelli;1305
1810532;2018;Wilhelm;Boneberger;1305
1810533;2018;Dr. Martin;Alberti;1305
1810534;2018;Heinz;Hilgendorf;1305
1810535;2018;Anna;Ahlfeld;1305
1810536;2018;Christian;Schunck;1305
1810537;2018;Thomas;Ranft;1305
1810538;2018;Katharina;Walter;1305
1810539;2018;Klaus;Breil;1305
1810540;2018;Antje;Helmers;1305
1810541;2018;Johannes;Hohenthaner;1305
1810542;2018;Cécile;Prinzbach;1305
1810543;2018;Renate;Will;1305
1810544;2018;Vaclav;Cerveny;1305
1810545;2018;Christian;Tietgen;1305
1810546;2018;Andreas;Teichmann;1305
1810547;2018;Dr. Andreas;Schmohl;1305
1810548;2018;Thomas;Neudert;1305
1810549;2018;Beate;Gladbach;1305
1810550;2018;Dr. Hannes;Hartung;1305
1810551;2018;Felix;Pautzke;1305
1810552;2018;Beate;Weltin;1305
1810553;2018;Oliver;Brockmann;1305
1810554;2018;Josef;Samitz;1305
1810555;2018;Hildebrecht;Braun;1305
1810556;2018;Jörg;Scholler;1305
1810557;2018;Maximilian;Gawlik;1305
1810601;2018;Ates;Gürpinar;1306
1810602;2018;Eva;Bulling-Schröter;1306
1810603;2018;Brigitte;Wolf;1306
1810604;2018;Julia;Killet;1306
1810605;2018;Renate;Cullmann-Reder;1306
1810606;2018;Dr. Guido;Hoyer;1306
1810607;2018;Michael;Reiter;1306
1810608;2018;Tony;Guerra;1306
1810609;2018;Christian;Peiker;1306
1810610;2018;Wolfgang;Seidel;1306
1810611;2018;Dr. Klaus;Weber-Teuber;1306
1810612;2018;Dr. Heinz;Fröhlich;1306
1810613;2018;Martina;Ripke;1306
1810614;2018;Hansjoachim;Sprinz;1306
1810615;2018;Erol;Dogan;1306
1810616;2018;Robert;Hamm;1306
1810617;2018;Bernhard;Baudler;1306
1810618;2018;Michael;Raufer;1306
1810619;2018;Moritz;Lindenthal;1306
1810620;2018;Ernestine;Martin-Köppl;1306
1810621;2018;Rolf-Werner;Podlewski;1306
1810622;2018;Jonathan;Westermeier;1306
1810623;2018;Dominik;Eigner;1306
1810624;2018;Elmar;Gehnen;1306
1810625;2018;Walter;Koppe;1306
1810626;2018;Bernhard;Feilzer;1306
1810627;2018;Patrick;Nitzsche;1306
1810628;2018;Stefanie;Kirchner;1306
1810629;2018;Werner;de la Motte Rouge;1306
1810630;2018;Lisa;Borchert;1306
1810631;2018;Gabriele;Nava;1306
1810632;2018;Jörg;Hager;1306
1810633;2018;Philipp;Hackl;1306
1810634;2018;Maria;Mayr;1306
1810635;2018;Eva;Schreiber;1306
1810636;2018;Monika;Weidner;1306
1810637;2018;Annemarie;Fingert;1306
1810638;2018;Ellen;Enderlein;1306
1810639;2018;Julia;Auchter;1306
1810640;2018;Eva-Maria;Brunnemann;1306
1810641;2018;Uwe;Kroll;1306
1810642;2018;Marina;Mayer;1306
1810643;2018;Herta;Hertel-Stockinger;1306
1810644;2018;Elfi;Padovan;1306
1810645;2018;Jan;Tepperies;1306
1810646;2018;Laura-Christin;Popig;1306
1810647;2018;Erich;Utz;1306
1810648;2018;Manuela;Pertl;1306
1810649;2018;Corinna;Wilde;1306
1810650;2018;Doris;Lazarowicz;1306
1810651;2018;Andrea;El Nour;1306
1810652;2018;Karl;Ischinger;1306
1810653;2018;Rafael;Pietsch;1306
1810654;2018;Karin;Just;1306
1810655;2018;Ellen;Keller;1306
1810656;2018;Franziska;Klotz;1306
1810657;2018;Dr. Clemens;Pingel;1306
1810658;2018;Diana;Fingert;1306
1810659;2018;Jürgen;Lohmüller-Kaupp;1306
1810660;2018;Wolfgang;Schulz;1306
1810701;2018;Florian;Weber;1307
1810702;2018;Markus;Schupfner;1307
1810703;2018;Josef;Lausch;1307
1810704;2018;Eva;Caim;1307
1810705;2018;Helmut;Freund;1307
1810706;2018;Regina;Schropp;1307
1810707;2018;Konrad;Baueregger;1307
1810708;2018;Andreas;Zimmer;1307
1810709;2018;Wolfgang;Distler;1307
1810710;2018;Michael;Hofmann;1307
1810711;2018;Richard;Progl;1307
1810712;2018;Robert;Böhnlein;1307
1810713;2018;Thomas;Drechsler;1307
1810714;2018;Johann;Altmann;1307
1810715;2018;Herbert;Sachs;1307
1810716;2018;Rupert;Pfänder;1307
1810717;2018;Christian;Ferstl;1307
1810718;2018;Josef;Paintner;1307
1810719;2018;Hubert;Dorn;1307
1810720;2018;Sebastian;Kellerer;1307
1810721;2018;Dr. Franz;Furche;1307
1810722;2018;Loris-Marco;Gelesch;1307
1810723;2018;Dr. Albert;Geiger;1307
1810724;2018;Mario;Schmidbauer;1307
1810725;2018;Simon;Stitzl;1307
1810726;2018;Michael;Barthelmes;1307
1810727;2018;Robert;Prado Diaz;1307
1810728;2018;Norbert;Seidl;1307
1810729;2018;Stephan;Mannseicher;1307
1810730;2018;Alexander;Müller;1307
1810731;2018;Andreas;Stoib;1307
1810732;2018;Hans;Hort;1307
1810733;2018;Andreas;Heindl;1307
1810734;2018;Anton;Schnitzer;1307
1810735;2018;Alfons;Baumgartner;1307
1810736;2018;Robert;Zehetmaier;1307
1810737;2018;Georg;Wegele;1307
1810738;2018;Christian;Fahrenschon;1307
1810739;2018;Hans Georg;Niedermeier;1307
1810740;2018;Angela;Settele;1307
1810741;2018;Tanja;Kerer;1307
1810742;2018;Marinus;Thurnhuber;1307
1810743;2018;Michael;Graf;1307
1810744;2018;Anton;Weigl;1307
1810745;2018;Sebastian;Fottner;1307
1810746;2018;Christian;Eckert;1307
1810747;2018;Dennis;Ponert;1307
1810748;2018;Annelies;Stefanutti-Bscheidl;1307
1810749;2018;Joachim;Stadlbauer;1307
1810750;2018;Robert;Mayr;1307
1810751;2018;Hans;Triebel;1307
1810752;2018;Johann;Gattinger;1307
1810753;2018;Matthias;Neugschwender;1307
1810754;2018;Dominik;Steinlehner;1307
1810755;2018;Heinz;Thannheiser;1307
1810756;2018;Georg;Weiß;1307
1810757;2018;Ulrich;Sibbers;1307
1810758;2018;Dieter;Steininger;1307
1810759;2018;Tobias;Schwaiger;1307
1810760;2018;Benno;Steiner;1307
1810761;2018;Horst;Münzinger;1307
1810801;2018;Thomas;Prudlo;1308
1810802;2018;Sonja;Haider;1308
1810803;2018;Dr. Maiken;Winter;1308
1810804;2018;Agnes;Edenhofer;1308
1810805;2018;Stephan;Treffler;1308
1810806;2018;Hans;Huber;1308
1810807;2018;Dr. Gwendolyn;Böhm;1308
1810808;2018;Ludwig;Maier;1308
1810809;2018;Robert;Sedlmayr;1308
1810810;2018;Dr. Andreas;Meißner;1308
1810811;2018;Anastasia;Kühn;1308
1810812;2018;Rosi;Reindl;1308
1810813;2018;Veronika;Kahl;1308
1810814;2018;Josef;Fortner;1308
1810815;2018;Michael;Schabl;1308
1810816;2018;Maria;Lechner;1308
1810817;2018;Reinhard;Retzer;1308
1810818;2018;Markus;Gampl;1308
1810819;2018;Christopher;Hinz;1308
1810820;2018;Felix;Bergauer;1308
1810821;2018;Siegfried;Ebner;1308
1810822;2018;Barbara;Paiva;1308
1810823;2018;Benjamin;Zilker;1308
1810824;2018;Christian;Holdt;1308
1810825;2018;Peter;Limmer;1308
1810826;2018;Emilia;Kirner;1308
1810827;2018;Klaus;Birgelen von;1308
1810828;2018;Wilhelm;Streit;1308
1810829;2018;Franz;Hofmaier;1308
1810830;2018;Hans Leo;Bader;1308
1810831;2018;Raimund;Köstler;1308
1810832;2018;Hanno;Sombach;1308
1810833;2018;Sven;Kriesche;1308
1810834;2018;Dr. Klaus;Buchner;1308
1810835;2018;Tobias;Ruff;1308
1810836;2018;Wolfgang;Reiter;1308
1810837;2018;Willi;Reinbold;1308
1810838;2018;Richard;Fischer;1308
1810839;2018;Franziska;Spannagl;1308
1810840;2018;Maria;Dirnaichner;1308
1810841;2018;Caroline;Lettenmayer;1308
1810842;2018;Wolfgang;Buttner;1308
1810843;2018;Fritz;Lietsch;1308
1810844;2018;Adrian;Heim;1308
1810845;2018;Stephan;Koch;1308
1810846;2018;Georg;Schmid;1308
1810847;2018;Michael;Stichlmair;1308
1810848;2018;Karin;Kuret;1308
1810849;2018;Stephan;Giglberger;1308
1810850;2018;Hermann;Dietzinger;1308
1810851;2018;Dieter;Kreis;1308
1810852;2018;Maria;Ecke-Bünger;1308
1810853;2018;Wolfgang;Meyer;1308
1810854;2018;Sonja;Sachsinger;1308
1810855;2018;Brigitte;Knatz;1308
1810856;2018;Dr. Regine;Siebert;1308
1810857;2018;Thomas;Wiedemann;1308
1810858;2018;Eduard;Böser;1308
1810859;2018;Stefan;Meiser;1308
1810860;2018;Nicolas;Deskau;1308
1810861;2018;Martin;Potschka;1308
1810901;2018;Arnold;Schiller;1309
1810902;2018;Jonathan;Babelotzky;1309
1810903;2018;Dr. Hartmut;Ernst;1309
1810904;2018;Thomas;Mayer;1309
1810905;2018;Christopher;Morgenstern;1309
1810906;2018;Dr. Olaf Konstantin;Krueger;1309
1810907;2018;Myriam;Kalipke;1309
1810908;2018;Christian;Doppler;1309
1810909;2018;Dr. Oliver;Welter;1309
1810910;2018;Roger;Rösch;1309
1810911;2018;Manuel;Belas;1309
1810912;2018;Nils;Puskeppelies;1309
1810913;2018;Reinhold;Deuter;1309
1810914;2018;Günther;Meyer;1309
1810915;2018;Thomas;Knoblich;1309
1810916;2018;Florian;Prauß;1309
1810917;2018;Stefan;Hiesinger;1309
1810918;2018;Dorothea;Beinlich;1309
1810919;2018;Stefan;Lorenz;1309
1810920;2018;Alexander;Kohler;1309
1810921;2018;Carsten;Pfuhl;1309
1810922;2018;Daniel;Seuffert;1309
1810923;2018;Patrick;Emer;1309
1810924;2018;Michael;Purkart;1309
1810925;2018;Thomas;Beinlich;1309
1811101;2018;Franz;Bergmüller;1311
1811102;2018;Uli;Henkel;1311
1811103;2018;Markus;Plenk;1311
1811104;2018;Dr. Ingo;Hahn;1311
1811105;2018;Andreas;Winhart;1311
1811106;2018;Dr. Anne;Cyron;1311
1811107;2018;Oskar;Lipp;1311
1811108;2018;Markus;Walbrunn;1311
1811109;2018;Martin;Huber;1311
1811110;2018;Rüdiger;Imgart;1311
1811111;2018;Oliver;Multusch;1311
1811112;2018;Johannes;Kraus;1311
1811113;2018;Rainer;Groß;1311
1811114;2018;Edeltraud;Schwarz;1311
1811115;2018;Christina;Wilhelm;1311
1811116;2018;Bernhard;Kranich;1311
1811117;2018;Christoph;Steier;1311
1811118;2018;Hilmar;Sturm;1311
1811119;2018;Tobias;Teich;1311
1811120;2018;Thomas;Schwembauer;1311
1811121;2018;Iris;Wassill;1311
1811122;2018;Michael;Groß;1311
1811123;2018;Jens;Schosnowski;1311
1811124;2018;Misha;Bößenecker;1311
1811125;2018;Thomas;Hastreiter;1311
1811126;2018;Ulrich;Riediger;1311
1811127;2018;Klaus;Radtke;1311
1811128;2018;Rainer;Bolle;1311
1811129;2018;Wilfried;Biedermann;1311
1811130;2018;Matthias;Helmer;1311
1811131;2018;Bruno;Fuchert;1311
1811201;2018;Ulrike;Schütt;1312
1811202;2018;Dr. Peter;Reich;1312
1811203;2018;Andre;Wächter;1312
1811204;2018;Silvia;Schalamow;1312
1811205;2018;Dr. Klaus-Jürgen;Werner;1312
1811206;2018;Dr. Wolfgang;Decker;1312
1811207;2018;Henning;Müllerke;1312
1811208;2018;Stefan;Lochmiller;1312
1811209;2018;Heike;Grevé;1312
1811210;2018;Wolfgang;Ritz;1312
1811211;2018;Steffen;Bieler;1312
1811212;2018;Dr. Karl-Ludwig;Kuss;1312
1811213;2018;Anton;Seer;1312
1811214;2018;Dr. Klemens;Zygan;1312
1811215;2018;Eva-Marie;Neufahrt;1312
1811216;2018;Carsten;Ax;1312
1811217;2018;Markus;Gehrig;1312
1811218;2018;Julius;Grevé;1312
1811301;2018;Claudia;Stamm;1313
1811302;2018;Dr. Stephan;Lessenich;1313
1811303;2018;Jens;Erdmann;1313
1811304;2018;Marie-Luise;Kunst;1313
1811305;2018;Mirella;Heidegger;1313
1811306;2018;Hans;Glück;1313
1811307;2018;Harald;Faust;1313
1811308;2018;Sabrina;Teifel;1313
1811309;2018;Dr. Stephan;Pflaum;1313
1811310;2018;Heiner;Putzier;1313
1811311;2018;Joseph;Altenburger;1313
1811312;2018;Afra;Held;1313
1811313;2018;Katharina;Capric;1313
1811314;2018;Jörg;Linke;1313
1811315;2018;Maria;Mayr;1313
1811316;2018;Tim;King;1313
1811317;2018;Marion;Ellen;1313
1811318;2018;Manfred;Maier;1313
1811319;2018;Sabine;Ziegler;1313
1811320;2018;Manuel;Kralik;1313
1811321;2018;Thomas;Maier;1313
1811322;2018;Axel;Schweiger;1313
1811323;2018;Hans-Joachim;Krüger;1313
1811324;2018;Khando;Ronge;1313
1811325;2018;Dietmar;Hölscher;1313
1811326;2018;Marc;Ortmann;1313
1811327;2018;Sebastian;Felsner;1313
1811328;2018;Corinna;Untergruber;1313
1811329;2018;Angela;Schönweitz;1313
1811330;2018;Michaela;Dietrich;1313
1811331;2018;Julia;Rothbauer;1313
1811332;2018;Martin;Heidegger;1313
1811333;2018;Stefan;Hudler;1313
1811334;2018;Dr. Gabriele;Philippczik;1313
1811335;2018;Dr. Julia;Schreiner;1313
1811336;2018;Berthold;Geiger;1313
1811337;2018;Sebastian;Epp;1313
1811338;2018;Christiane;Schulz;1313
1811339;2018;Anna;Schweda-Möller;1313
1811340;2018;Andrea;Pancur;1313
1811341;2018;Karin;Estner;1313
1811342;2018;Franziska;Eslami;1313
1811343;2018;Dr. Jana;Heinz;1313
1811344;2018;Anne;Wild;1313
1811345;2018;Sebastian;Schnitzenbaumer;1313
1811346;2018;Irmgard;Balser;1313
1811347;2018;Stefanie;Eilers;1313
1811348;2018;Stefan;Wiesinger;1313
1811349;2018;Dr. Dieter;Ullrich;1313
1811350;2018;Werner;Gaßner;1313
1811351;2018;Andrea;Martschink;1313
1811352;2018;Massimo;Ferraro;1313
1811353;2018;Daniela;Voß;1313
1811354;2018;Torsten;Meineke;1313
1811355;2018;Nicole;Britz;1313
1811356;2018;Janna;Natrath-Bronner;1313
1811357;2018;Wilhelm;Warning;1313
1811358;2018;Thorsten;Geerken;1313
1811359;2018;Wolfgang;Miller;1313
1811360;2018;Klaus;Aschauer;1313
1811401;2018;Matthias;Knöferl;1314
1811402;2018;Isabella;Höckmeier;1314
1811403;2018;Caroline;Giebelen;1314
1811404;2018;Daniel;Giesemann;1314
1811405;2018;Michael;Eckert;1314
1811406;2018;Manuel;Schulz;1314
1811407;2018;Markus;Wierer;1314
1811408;2018;Christian;Horn;1314
1811409;2018;Wolfgang;Wachter;1314
1811410;2018;Sascha;Larch;1314
1811411;2018;Martin;Ratzmann;1314
1811501;2018;Christian;Lutz;1315
1811502;2018;Gerd;Bruckner;1315
1811503;2018;Ricarda;Krüger;1315
1811504;2018;Kevin;Neuwirth;1315
1811505;2018;Peter;Schwab;1315
1811506;2018;Marie;Burneleit;1315
1811507;2018;Simon;Brunner;1315
1811508;2018;Josef;Waritschlager;1315
1811509;2018;Felix;Tischer;1315
1811510;2018;Lukas;Reindl;1315
1811511;2018;Thomas;Gutbrod;1315
1811512;2018;Maxi-Paula;Schwarzbauer;1315
1811513;2018;Rüdiger;Tresselt;1315
1811514;2018;Bernd;Sandner;1315
1811515;2018;Christian;Blei;1315
1811516;2018;Markus;Kuliberda;1315
1811517;2018;Max;Wallner;1315
1811518;2018;Samuel;Trapp;1315
1811519;2018;Andreas;Fießler;1315
1811520;2018;Alexander;Pschigoda;1315
1811521;2018;Jan;Meyer;1315
1811522;2018;Morris;Zalesjak;1315
1811523;2018;Oliver;Pyttlik;1315
1811524;2018;Markus;Wieland;1315
1811525;2018;Andreas;Decker;1315
1811601;2018;Dr. Kemal;Akman;1316
1811602;2018;Stefan;Szalay;1316
1811603;2018;Peter;Schippl;1316
1811604;2018;Alexander;Putze;1316
1811605;2018;Barbara;Heubusch;1316
1811701;2018;Thomas;Frank;1317
1811702;2018;Dr. Susanne;Wittmann;1317
1811703;2018;Elisabeth;Reithmayer;1317
1811704;2018;Alexander;Wied;1317
1811705;2018;Marie Ann;Lasan;1317
1811706;2018;Meike;Jannicke;1317
1811707;2018;Manfred;Reithmayer;1317
1811708;2018;Michael;Krämer;1317
1811709;2018;Stephanie;Weiser;1317
1811710;2018;Bernhard;Schwarz;1317
1811711;2018;Elisabeth;Mindt;1317
1811712;2018;Kim;Stoyhe;1317
1811801;2018;Christine;Rustler;1318
1811802;2018;Maike;Seewald;1318
1811803;2018;Magdalena;Lippa;1318
1811804;2018;Jürgen;Preisinger;1318
1811805;2018;Dr. Till;Arnold;1318
1811806;2018;Antje;Meinen;1318
1811807;2018;Gregor;Lange;1318
1811808;2018;Jürgen;Hackbarth;1318
1811809;2018;Marianne;Mittelmaier;1318
1811810;2018;Christine;Berchtold-Benchieb;1318
1811811;2018;Henrik;Lange;1318
1811812;2018;Markus;Krätschmer;1318
1811813;2018;Yasemin;Capan;1318
1811814;2018;Maximilian;Preisinger;1318
1811815;2018;Sebastian;Steinacher;1318
1811816;2018;Roland;Mittelmaier;1318
1811817;2018;Susanne;Preisinger;1318
1811818;2018;Henrietta;Lorko;1318
1811819;2018;Marcel;Tönsmann;1318
1811820;2018;Aneta;Roger;1318
1811821;2018;Sophia;Lindlbauer;1318
1811822;2018;Krenar;Arifi;1318
1811823;2018;Kathrin;Schmid;1318
1811824;2018;Josephine;Uphues;1318
1811825;2018;Manfred;Kellberger;1318
1811826;2018;Jakob;Schuppe;1318
1811827;2018;Andreas;Naumann;1318
1811828;2018;Kerstin;Hell;1318
1811829;2018;Ferdinand;Kaiser;1318
1811830;2018;Angelika;Selbmann;1318
1840101;2018;Melanie;Huml;1301
1840102;2018;Gudrun;Brendel-Fischer;1301
1840103;2018;Martin;Schöffel;1301
1840104;2018;Holger;Dremel;1301
1840105;2018;Jürgen;Baumgärtner;1301
1840106;2018;Alexander;König;1301
1840107;2018;Martin;Mittag;1301
1840108;2018;Michael;Hofmann;1301
1840109;2018;Dr. Michael;Hohl;1301
1840110;2018;Ludwig;Lerchenfeld Freiherr;1301
1840111;2018;Rosa;Kraus;1301
1840112;2018;Michael;Schulz;1301
1840113;2018;Stefan;Kuhn;1301
1840114;2018;Paul-Bernhard;Wagner;1301
1840115;2018;Christian;Zorn;1301
1840116;2018;Alexander;Hummel;1301
1840201;2018;Inge;Aures;1302
1840202;2018;Klaus;Adelt;1302
1840203;2018;Michael;Busch;1302
1840204;2018;Halil;Tasdelen;1302
1840205;2018;Dr. Ralf;Pohl;1302
1840206;2018;Heinz;Kuntke;1302
1840207;2018;Franziska;Bartl;1302
1840208;2018;Uwe;Metzner;1302
1840209;2018;Dr. Atila;Karabag;1302
1840210;2018;Christina;Flauder;1302
1840211;2018;Jörg;Mielentz;1302
1840212;2018;Sebastian;Müller;1302
1840213;2018;Miriam;Müller;1302
1840214;2018;Oliver;Winkelmaier;1302
1840215;2018;Richard;Schmidt;1302
1840216;2018;Joscha;Berger;1302
1840301;2018;Thorsten;Glauber;1303
1840302;2018;Rainer;Ludwig;1303
1840303;2018;Florian;Wiedemann;1303
1840304;2018;Michael;Zwingmann;1303
1840305;2018;Verena;Scheer;1303
1840306;2018;Elisabeth;Simmerlein;1303
1840307;2018;Maria;Preißler;1303
1840308;2018;Dr. Klaus;Stetten von;1303
1840309;2018;Hans Martin;Grötsch;1303
1840310;2018;Maria;Lampl;1303
1840311;2018;Dietmar;Schutty;1303
1840312;2018;Peter;Rödel;1303
1840313;2018;Georg;Deuerling;1303
1840314;2018;Claudia;John;1303
1840315;2018;Max;Kräußlich;1303
1840316;2018;Viktor;Weber;1303
1840401;2018;Ursula;Sowa;1304
1840402;2018;Tim;Pargent;1304
1840403;2018;Emmerich;Huber;1304
1840404;2018;Edith;Memmel;1304
1840405;2018;Georg;Lunz;1304
1840406;2018;Dr. Annette;Prechtel;1304
1840407;2018;Ina;Sinterhauf;1304
1840408;2018;Ulrike;Gote;1304
1840409;2018;Wilfried;Kukla;1304
1840410;2018;Philipp;Brammer;1304
1840411;2018;Martina;Benzel-Weyh;1304
1840412;2018;Jonas;Glüsenkamp;1304
1840413;2018;Brigitte;Artmann;1304
1840414;2018;Valentin;Motschmann;1304
1840415;2018;Elisabeth;Wandel;1304
1840416;2018;Ralph;Behr;1304
1840501;2018;Sebastian;Körber;1305
1840502;2018;Martin;Pöhner;1305
1840503;2018;Luisa;Funke-Barjak;1305
1840504;2018;Michael;Otte;1305
1840505;2018;Dr. Ulrich;Herbert;1305
1840506;2018;Dr. Stephan;Huttner;1305
1840507;2018;Harald;Bischoff;1305
1840508;2018;Martin;Wünsche;1305
1840509;2018;Peter;Senf;1305
1840510;2018;Steffen;Wernsdörfer;1305
1840511;2018;Stefan;Schick;1305
1840512;2018;Gerold;Gebhard;1305
1840513;2018;Peter;Froeschmann;1305
1840514;2018;Margit;Drechsler;1305
1840515;2018;Sebastian;Pflaum;1305
1840516;2018;Irmgard;Nehmzow;1305
1840601;2018;Paul;Lehmann;1306
1840602;2018;Andreas;Tränkenschuh;1306
1840603;2018;Sebastian;Sommerer;1306
1840604;2018;Florian;Bätz;1306
1840605;2018;Manuel;Frisch;1306
1840606;2018;Oswald;Greim;1306
1840607;2018;Detlef;Knoblach;1306
1840608;2018;Babette;Saeidi;1306
1840609;2018;Wilfried;Pätzke;1306
1840610;2018;Ludwig;Baumgartner;1306
1840611;2018;René;Hähnlein;1306
1840612;2018;Gabriele;Schmittnägel;1306
1840613;2018;Stefan;Warstat;1306
1840614;2018;Gerhard;Zimmermann;1306
1840615;2018;Linus;Hluchy;1306
1840616;2018;Tobias;Gellenthien;1306
1840701;2018;Jürgen;Wagner;1307
1840702;2018;Christiane;Zeigler;1307
1840703;2018;Gunther;Sedlmeyer;1307
1840704;2018;Matthias;Gerbig;1307
1840705;2018;Alfred;Ehret;1307
1840706;2018;Torsten;Voß;1307
1840707;2018;Thomas;Dotzler;1307
1840708;2018;Frank;Suck;1307
1840801;2018;Thomas;Müller;1308
1840802;2018;Lucas;Büchner;1308
1840803;2018;Thomas;Büchner;1308
1840804;2018;Tobias;Sieling;1308
1840805;2018;Manuela;Forster;1308
1840806;2018;Reinhard;Englert;1308
1840807;2018;Bernd;Koppe;1308
1840808;2018;Stephan;Schmidt;1308
1840809;2018;Christoph;Raabs;1308
1840810;2018;Raphael;Grimm;1308
1840811;2018;Markus;Lenk;1308
1840812;2018;Ralf;Duppel;1308
1840813;2018;Simon;Wilhelm;1308
1840814;2018;Michael;Pülz;1308
1840815;2018;Konrad;Bachmeyer;1308
1840816;2018;Dietmar;Dworazik;1308
1840901;2018;Michael;Rödel;1309
1840902;2018;Peter;Goßrau;1309
1840903;2018;Karl;Wagner;1309
1840904;2018;Stephan;Korb;1309
1840905;2018;Anita;Berek;1309
1840906;2018;Richard;Leopold;1309
1840907;2018;Nico;Steffen;1309
1840908;2018;Daniel;Rauh;1309
1840909;2018;Holger;Sturm;1309
1841101;2018;Martin;Böhm;1311
1841102;2018;Jan;Schiffers;1311
1841103;2018;Florian;Köhler;1311
1841104;2018;Prof.Dr. Michael;Wüst;1311
1841105;2018;Gerd;Kögler;1311
1841106;2018;Detlef;Rauh;1311
1841107;2018;Thomas;Rausch;1311
1841108;2018;Dominik;Pflaum;1311
1841301;2018;Michaela;Hüttner;1313
1841302;2018;Christine;Raithel;1313
1841303;2018;Iris;Fischer;1313
1841304;2018;Anne;Gerdom;1313
1841305;2018;Simone;Göcking;1313
1841306;2018;Ursula;Grüner;1313
1841307;2018;Cornelia;Hersch;1313
1841308;2018;Claudia;Zeus;1313
1841309;2018;Dietmar;Bauer;1313
1841310;2018;Arno;Pfaffenberger;1313
1841311;2018;Werner;Kampe;1313
1841312;2018;Ramona;Prodöhl;1313
1841313;2018;Jürgen;Hoffmann;1313
1841314;2018;Martina;Kraus;1313
1841315;2018;Reinhard;Hüttner;1313
1841316;2018;Lutz-Benno;Kracke;1313
1841501;2018;Julian;Krumm;1315
1841502;2018;Julian;Kreten;1315
1841503;2018;Andreas;Roensch;1315
1841504;2018;Andreas;Hartmann;1315
1841505;2018;Thilo;Walter;1315
1841506;2018;Cornelia;Thielmann;1315
1841507;2018;Michael;Beck;1315
1841508;2018;Julian;Zippel;1315
1841509;2018;Silas Rouven;Frerking;1315
1841510;2018;Markus;Hautsch;1315
1841511;2018;Frank;Schern;1315
1841601;2018;Werner;Köhler;1316
1841602;2018;Boris;Schmalz;1316
1841603;2018;Britta;Jäckel;1316
1841801;2018;Reinhard;Frederking;1318
1841802;2018;Christian;Billner;1318
1841803;2018;Christian;Pförtsch;1318
1841804;2018;Felix;Schindelmann;1318
1841805;2018;Shelby;O'Toole;1318
1841806;2018;Regina;Frederking;1318
1841807;2018;Bettina;Granegger;1318
1830101;2018;Albert;Füracker;1301
1830102;2018;Sylvia;Stierstorfer;1301
1830103;2018;Dr. Franz;Rieger;1301
1830104;2018;Alexander;Flierl;1301
1830105;2018;Dr. Harald;Schwartz;1301
1830106;2018;Dr. Gerhard;Hopp;1301
1830107;2018;Tobias;Reiß;1301
1830108;2018;Dr. Stephan;Oetzinger;1301
1830109;2018;Rita;Blümel;1301
1830110;2018;Thomas;Bärthlein;1301
1830111;2018;Helga;Huber;1301
1830112;2018;Barbara;Haimerl;1301
1830113;2018;Michael;Lehner;1301
1830114;2018;Manfred;Wendl;1301
1830115;2018;Dagmar;Nachtigall;1301
1830116;2018;Tanja;Renner;1301
1830201;2018;Annette;Karl;1302
1830202;2018;Margit;Wild;1302
1830203;2018;Uwe;Bergmann;1302
1830204;2018;Peter;Wein;1302
1830205;2018;Jutta;Deiml;1302
1830206;2018;Matthias;Jobst;1302
1830207;2018;Dr. Armin;Rüger;1302
1830208;2018;Andre;Madeisky;1302
1830209;2018;Franz;Kopp;1302
1830210;2018;Dr. Sema;Tasali-Stoll;1302
1830211;2018;Evi;Thanheiser;1302
1830212;2018;Dr. Carolin;Wagner;1302
1830213;2018;Sebastian;Meier;1302
1830214;2018;Petra;Lutz;1302
1830215;2018;Philipp;Eisinger;1302
1830216;2018;Raphael;Bittner;1302
1830301;2018;Joachim;Hanisch;1303
1830302;2018;Tobias;Gotthardt;1303
1830303;2018;Kerstin;Radler;1303
1830304;2018;Robert;Riedl;1303
1830305;2018;Alexandra;Sitter;1303
1830306;2018;Dr. (Univ. Florenz) ;Weidacher;1303
1830307;2018;Matthias;Penkala;1303
1830308;2018;Bernhard;Schmidt;1303
1830309;2018;Karl;Meier;1303
1830310;2018;Julia;Strobl;1303
1830311;2018;Alfred;Jäger;1303
1830312;2018;Manfred;Hetznegger;1303
1830313;2018;Hans-Peter;Landsmann;1303
1830314;2018;Tobias;Groß;1303
1830315;2018;Thomas;Riedl;1303
1830316;2018;Doris;Lehnerer;1303
1830401;2018;Jürgen;Mistol;1304
1830402;2018;Anna;Toman;1304
1830403;2018;Josef;Stadler;1304
1830404;2018;Dr. Klaus;Ebenburger;1304
1830405;2018;Klaus;Bergmann;1304
1830406;2018;Siegfried;Hauff;1304
1830407;2018;Michael;Doblinger;1304
1830408;2018;Benjamin;Quaas;1304
1830409;2018;Tina;Winklmann;1304
1830410;2018;Veronika;Zeichinger;1304
1830411;2018;Yvonne;Rösel;1304
1830412;2018;Petra;Mölders;1304
1830413;2018;Eva;Borke-Thoma;1304
1830414;2018;Sonja;Schuhmacher;1304
1830415;2018;Marie;Wein;1304
1830416;2018;Mathias;Schüßler;1304
1830501;2018;Christoph;Skutella;1305
1830502;2018;Huu Loi;Vo;1305
1830503;2018;Ingo;Lederer;1305
1830504;2018;Dr. Ilka;Enger;1305
1830505;2018;Alfred;Stuiber;1305
1830506;2018;Nils;Gründer;1305
1830507;2018;Markus;Hochholdinger;1305
1830508;2018;Wolf-Dieter;Grahn;1305
1830509;2018;Reinhard;Heinrich;1305
1830510;2018;Ulrich;Kraus;1305
1830511;2018;Silvia;Burger-Sippl;1305
1830512;2018;Kilian;Taubmann;1305
1830513;2018;Joachim;Behrendt;1305
1830514;2018;Reinhard;Kremser;1305
1830515;2018;Alexander;Hubmann;1305
1830516;2018;Mathilde;Wilka;1305
1830601;2018;Marius Josef;Brey;1306
1830602;2018;Ursula;Maxim;1306
1830603;2018;Richard;Spieß;1306
1830604;2018;Eva;Kappl;1306
1830605;2018;Wolfgang;Berndt;1306
1830606;2018;Tobias;Emmerling;1306
1830607;2018;Ali Daniel;Zant;1306
1830608;2018;Christian;Weidner;1306
1830609;2018;Sarah;Hundt;1306
1830610;2018;Marian;Decker;1306
1830611;2018;Philipp;Schmidt;1306
1830612;2018;Nadine;Schienhammer;1306
1830613;2018;Jan;Schwarz;1306
1830614;2018;Martina;Sivan;1306
1830615;2018;Christian;Oberthür;1306
1830616;2018;Karl;Fleisser;1306
1830701;2018;Werner;Suttner;1307
1830702;2018;Maximilian;Schmieder;1307
1830703;2018;Petra;Ringelmann;1307
1830704;2018;Alexander;Weber;1307
1830705;2018;Markus;Mrozek;1307
1830706;2018;Alexander;Schweikl;1307
1830707;2018;Natalie;Smolevska;1307
1830708;2018;Alexander;Koll-Pfeifer;1307
1830709;2018;Markus;Weinfurtner;1307
1830710;2018;Peter;Bachmann;1307
1830711;2018;Peter;Eberhardt;1307
1830712;2018;Gerhard;Karl;1307
1830713;2018;Thomas;Schindler;1307
1830714;2018;Berthold;Oel;1307
1830715;2018;Magdalena;Lang;1307
1830716;2018;Michael;Prensky;1307
1830801;2018;Klaus;Mrasek;1308
1830802;2018;Benedikt;Suttner;1308
1830803;2018;Dr. Barbara;Kindl;1308
1830804;2018;Dr. Thomas;Mauch;1308
1830805;2018;Alfred;Damm;1308
1830806;2018;Joseph;Neumeyer;1308
1830807;2018;Theresia;Kunz;1308
1830808;2018;Franz;Badura;1308
1830809;2018;Heidi;Eckl;1308
1830810;2018;Ruth;Meissner;1308
1830811;2018;Claudia;Wiest;1308
1830812;2018;Monika;Schönfelder-Hans;1308
1830813;2018;Hannes;Eberhardt;1308
1830814;2018;Dr. Stefan;Scheingraber;1308
1830815;2018;Andreas;Hartung;1308
1830816;2018;Gerald;Schmid;1308
1830901;2018;Andreas;Kramm;1309
1830902;2018;Tobias;Stenzel;1309
1830903;2018;Klaus;Terbeznik;1309
1830904;2018;Katharina;Graßler;1309
1830905;2018;Steffen;Heuer;1309
1830906;2018;Peter;Lang;1309
1831101;2018;Roland;Magerl;1311
1831102;2018;Stefan;Löw;1311
1831103;2018;Benjamin;Nolte;1311
1831104;2018;Claudia;Marino;1311
1831105;2018;Dieter;Arnold;1311
1831106;2018;Josef;Lankes;1311
1831107;2018;Reinhard;Mixl;1311
1831108;2018;Werner;Meier;1311
1831301;2018;Prof. Hansjoerg;Zimmermann;1313
1831302;2018;Alexandra;Geiger;1313
1831303;2018;Reinhold;Bortner;1313
1831304;2018;Helena;Schmid;1313
1831305;2018;Julia;Seiche;1313
1831306;2018;Ulla Britta;Baumer;1313
1831307;2018;Ferdinand;Kosak;1313
1831308;2018;Florian;Vielsmaier;1313
1831309;2018;Lisa;Kugler;1313
1831310;2018;Anna-Maria;Mücke;1313
1831311;2018;Laura;Franzen;1313
1831312;2018;Frank;Krieg;1313
1831313;2018;Lisa;Polzer;1313
1831314;2018;Franco;Pizzuto;1313
1831315;2018;Dominik;Müller;1313
1831316;2018;Janis;Franzen;1313
1831501;2018;Maximilian;Hartl;1315
1831502;2018;Ingo;Frank;1315
1831503;2018;Christian;Baumann;1315
1831504;2018;Milena;Porsch;1315
1831505;2018;Melody;Bayer;1315
1831506;2018;Anton;Seidl;1315
1831507;2018;Karin;Sindersberger;1315
1831508;2018;Stefan;Schwaiger;1315
1831601;2018;Christine;Kellner;1316
1831602;2018;Yue;Li;1316
1831603;2018;Udo;Schmidtke;1316
1831604;2018;Fabian;Pudlo;1316
1831801;2018;Andrea;Pedanova;1318
1831802;2018;Beate;Knauer;1318
1870101;2018;Thomas;Kreuzer;1301
1870102;2018;Carolina;Trautner;1301
1870103;2018;Franz Josef;Pschierer;1301
1870104;2018;Johannes;Hintersberger;1301
1870105;2018;Angelika;Schorer;1301
1870106;2018;Dr. Beate;Merk;1301
1870107;2018;Wolfgang;Fackler;1301
1870108;2018;Georg;Winter;1301
1870109;2018;Eric;Beißwenger;1301
1870110;2018;Klaus;Holetschek;1301
1870111;2018;Peter;Tomaschko;1301
1870112;2018;Dr. Hans;Reichhart;1301
1870113;2018;Alfred;Sauter;1301
1870114;2018;Andreas;Jäckel;1301
1870115;2018;Franz;Ost;1301
1870116;2018;Manfred;Losinger;1301
1870117;2018;Hans-Peter;Rauch;1301
1870118;2018;Bernd;Kränzle;1301
1870119;2018;Johann;Deil;1301
1870120;2018;Christian;Weldishofer;1301
1870121;2018;Hannelore;Windhaber;1301
1870122;2018;Leopold Roland;Dietz;1301
1870123;2018;Dr. Thomas;Jahn;1301
1870124;2018;Andreas;Kaufmann;1301
1870125;2018;Martina;Leipold;1301
1870126;2018;Oliver;Schneider;1301
1870201;2018;Harald;Güller;1302
1870202;2018;Dr. Simone;Strohmayr;1302
1870203;2018;Dr. Paul;Wengert;1302
1870204;2018;Margarete;Heinrich;1302
1870205;2018;Herbert;Woerlein;1302
1870206;2018;Ilona;Deckwerth;1302
1870207;2018;Georg;Wiedemann;1302
1870208;2018;Daniel;Fürst;1302
1870209;2018;Tobias;Rief;1302
1870210;2018;David;Yeow;1302
1870211;2018;Michael;Maffenbeier;1302
1870212;2018;Markus;Kubatschka;1302
1870213;2018;Tobias;Auinger;1302
1870214;2018;Bernd;Bachmann;1302
1870215;2018;Marion;Segnitzer-König;1302
1870216;2018;Susanne;Friederich-Scheuerl;1302
1870217;2018;Fabian;Wamser;1302
1870218;2018;Thomas;Wörz;1302
1870219;2018;Mirjam;Steiner;1302
1870220;2018;Thomas;Wilhelm;1302
1870221;2018;Sandra;Lederer;1302
1870222;2018;Sabine;Grünwald;1302
1870223;2018;Martin;Valdés-Stauber;1302
1870224;2018;Frank;Otte;1302
1870225;2018;Manfred;Helmschrott;1302
1870226;2018;Erna;Stegherr-Haußmann;1302
1870301;2018;Alexander;Hold;1303
1870302;2018;Dr. Leopold;Herz;1303
1870303;2018;Dr. Fabian;Mehring;1303
1870304;2018;Johann;Häusler;1303
1870305;2018;Bernhard;Pohl;1303
1870306;2018;Ruth;Abmayr;1303
1870307;2018;Wolfgang;Schrapp;1303
1870308;2018;Susen;Knabner;1303
1870309;2018;Johann;Wengenmeir;1303
1870310;2018;Stephan;Stieglauer;1303
1870311;2018;Johannes;Hatzold;1303
1870312;2018;Regina;Stuber-Schneider;1303
1870313;2018;Michael;Moser;1303
1870314;2018;Hugo;Wirthensohn;1303
1870315;2018;Bernd;Horst;1303
1870316;2018;Anton;Rittel;1303
1870317;2018;Ludwig;Fröhlich;1303
1870318;2018;Roman;Haug;1303
1870319;2018;Lucas;Eisenlauer;1303
1870320;2018;Hermann;Zelt;1303
1870321;2018;Christine;Mayer;1303
1870322;2018;Susanne;Kanzler;1303
1870323;2018;Jonas;Holm;1303
1870324;2018;Quirin;Schönberg;1303
1870325;2018;Wolfgang;Hützler;1303
1870401;2018;Stephanie;Schuhknecht;1304
1870402;2018;Thomas;Gehring;1304
1870403;2018;Maximilian;Deisenhofer;1304
1870404;2018;Cemal;Bozoglu;1304
1870405;2018;Christina;Haubrich;1304
1870406;2018;Eva;Lettenbauer;1304
1870407;2018;Erna-Kathrein;Groll;1304
1870408;2018;Daniel;Pflügl;1304
1870409;2018;Dr. Klaus;Rederer;1304
1870410;2018;Dr. Günter;Räder;1304
1870411;2018;Dr. Dr. Bernhard;Lohr;1304
1870412;2018;Peter Emil;Monz;1304
1870413;2018;Christian;Vávra;1304
1870414;2018;Christina;Mader;1304
1870415;2018;Ulrike;Seifert;1304
1870416;2018;Mechthild;Destruelle;1304
1870417;2018;Katrin;Müllegger-Steiger;1304
1870418;2018;Ursula;Jung;1304
1870419;2018;Julius;Hagl;1304
1870420;2018;Evelyn;Villing;1304
1870421;2018;Thomas;Weisser;1304
1870422;2018;Karin;Pfeifer;1304
1870423;2018;Gertrud;Kustermann;1304
1870424;2018;Petra;Hien;1304
1870425;2018;Florian;Filser;1304
1870426;2018;Dagmar;Bachmann;1304
1870501;2018;Dr. Dominik;Spitzer;1305
1870502;2018;Karlheinz;Faller;1305
1870503;2018;Christian;Toth;1305
1870504;2018;Sascha;Vugrin;1305
1870505;2018;Christoph;Zander;1305
1870506;2018;Claudia;Stocker;1305
1870507;2018;Johannes;Hecht;1305
1870508;2018;Bianca;Buchenberg-Köhler;1305
1870509;2018;Herbert;Blaschke;1305
1870510;2018;Kevin;Bahner;1305
1870511;2018;Guido;Immler;1305
1870512;2018;Dr. Mark;Tanner;1305
1870513;2018;Dr. Monika;Müller;1305
1870514;2018;Marcus;Prost;1305
1870515;2018;Katrin;Michaelis;1305
1870516;2018;Uwe;Pranghofer;1305
1870517;2018;Markus;Jung;1305
1870518;2018;Max;Kundinger;1305
1870519;2018;Sebastian;Weins;1305
1870520;2018;Peter;Kuhnen;1305
1870521;2018;Thomas;Quante;1305
1870522;2018;Maximilian;Hartleitner;1305
1870523;2018;Sebastian;Baumann;1305
1870524;2018;Dieter;Thinschmidt;1305
1870525;2018;Bernhard;Mohr;1305
1870526;2018;Michael;Dietz;1305
1870601;2018;Manuela;Zwiselsberger;1306
1870602;2018;Andreas;Mayer;1306
1870603;2018;Kevin;Gebhardt;1306
1870604;2018;Dietmar;Österle;1306
1870605;2018;Michael;Schlotter;1306
1870606;2018;Kerem;Billor;1306
1870607;2018;Christoph;Gänsheimer;1306
1870608;2018;Christian;Schiele;1306
1870609;2018;Paul;Meichelböck;1306
1870610;2018;Andreas;Zwiselsberger;1306
1870611;2018;Tobias;Himpenmacher;1306
1870612;2018;Udo;Kaufmann;1306
1870613;2018;Stefan;Balkheimer;1306
1870614;2018;Otto;Hutter;1306
1870615;2018;Lina;Lausberg;1306
1870616;2018;Daniel;Sperl;1306
1870617;2018;Xenia;Münderlein;1306
1870618;2018;Christine;Wilholm;1306
1870619;2018;Rita;Bauer;1306
1870620;2018;Sabrina;Balkheimer;1306
1870621;2018;Verena;Zanker;1306
1870622;2018;Heike;Benz;1306
1870623;2018;Anita;Rupprecht;1306
1870624;2018;Gregor;Tsernos;1306
1870625;2018;Anke;Diron;1306
1870626;2018;Michaela;Just;1306
1870701;2018;Helmut;Kellerer;1307
1870702;2018;Jürgen;Eißner;1307
1870703;2018;Andreas Alfred;Lehnert;1307
1870704;2018;Josef Hagen;Gumpinger;1307
1870705;2018;Gerhard;Eser;1307
1870706;2018;Sabine Angela;Eißner;1307
1870707;2018;Harald;Eberhard;1307
1870708;2018;Dr. Josef Anton;Kirchmann;1307
1870709;2018;Günter;Höpfinger;1307
1870710;2018;Dr. Thomas;Hilscher;1307
1870711;2018;Wolfgang;Schmidt;1307
1870712;2018;Otto;Leising;1307
1870713;2018;Uwe;Brünisholz;1307
1870714;2018;Magnus;Waibl;1307
1870715;2018;Sabine;Englisch;1307
1870716;2018;Anke;Schmidt;1307
1870717;2018;Andreas;Settele;1307
1870718;2018;Tobias;Bernhard;1307
1870719;2018;Anton;Steinböck;1307
1870720;2018;Bernhard;Neumann;1307
1870721;2018;Stefan;Hochlenert;1307
1870722;2018;Rolf;Staudigl;1307
1870723;2018;Johann Georg;Zierof;1307
1870724;2018;Franz;Förg;1307
1870725;2018;Roland;Glaser;1307
1870801;2018;Prof.Dr. Dieter Erwi;Buchberger;1308
1870802;2018;Dr. Andreas;Becker;1308
1870803;2018;Maria;Posch;1308
1870804;2018;Michael;Hofer;1308
1870805;2018;Rosina Katharina;Rottmann-Börner;1308
1870806;2018;Christian;Pettinger;1308
1870807;2018;Gabriela Johanna;Schimmer-Göresz;1308
1870808;2018;Johannes;Thum;1308
1870809;2018;Krimhilde Marianne;Dornach;1308
1870810;2018;Roland;Wagner;1308
1870811;2018;Michael;Finger;1308
1870812;2018;Sonja Maria;Berchtold;1308
1870813;2018;Gabriele;Olbrich-Krakowitzer;1308
1870814;2018;Dr. Manfred Theodor;Link;1308
1870815;2018;Matthias;Fritzsche;1308
1870816;2018;Klaus;Vidal;1308
1870817;2018;Karl;Rembold;1308
1870818;2018;Clemens;Tucher von Simmelsdo;1308
1870819;2018;Xaver;Fichtl;1308
1870820;2018;Peter;Miller;1308
1870821;2018;Jan-Simon;Albrecht;1308
1870822;2018;Meinrad;Wintergerst;1308
1870823;2018;Franz Josef;Neher;1308
1870824;2018;Robert;Huemer;1308
1870825;2018;Christian;Mattausch;1308
1870826;2018;Rafael;Neidinger;1308
1870901;2018;Benjamin;Gasser;1309
1870902;2018;Wilfried;Bachmeir;1309
1870903;2018;Martin;Kollien-Glaser;1309
1870904;2018;Andreas;Jung;1309
1870905;2018;Michael;Proißl;1309
1871101;2018;Markus;Bayerbach;1311
1871102;2018;Christoph;Maier;1311
1871103;2018;Gerd;Mannes;1311
1871104;2018;Ulrich;Singer;1311
1871105;2018;Karl;Keller;1311
1871106;2018;Josef;Settele;1311
1871107;2018;Andreas;Jurca;1311
1871108;2018;Rafael;Hauptmann;1311
1871109;2018;Dr. Gerhard;Großkurth;1311
1871110;2018;Dr. Wilhelm;Vachenauer;1311
1871111;2018;Reinhard;Fabian;1311
1871112;2018;Axel;Keib;1311
1871113;2018;Wolfgang;Rotter;1311
1871201;2018;Sebastian;Kreutz;1312
1871202;2018;Roland;Zühlke;1312
1871203;2018;Dorothea;Kölbl;1312
1871204;2018;Christa;Kreutz;1312
1871205;2018;Thomas;Eichmüller;1312
1871301;2018;Jörg;Jovy;1313
1871302;2018;Benjamin;Clamroth;1313
1871303;2018;Matthias;Hüntemann;1313
1871304;2018;Regina;Schmitz;1313
1871305;2018;Karlheinz;Ludwig;1313
1871306;2018;Andreas;Krämer;1313
1871307;2018;David;Krcek;1313
1871501;2018;Christian;Baier;1315
1871502;2018;Kai;Viertel;1315
1871503;2018;Anja;Klingelhöfer;1315
1871504;2018;Christian;Baumeister;1315
1871505;2018;Markus;Zacher;1315
1871506;2018;Oliver;Veit;1315
1871507;2018;Michael;Glaser;1315
1871508;2018;Daniel;Wachsmann;1315
1871801;2018;Roland;Wegner;1318
1871802;2018;Heike;Rudolf;1318
1871803;2018;Konrad;Harle;1318
1871804;2018;Leonie;Wohlfahrt;1318
1871805;2018;Roy;Heydrich;1318
1871806;2018;Kristin;Burger;1318
1871807;2018;Eva-Marie;Springer;1318
1871808;2018;Pia;Schlipf;1318
1871809;2018;Frank;Liermann;1318
1871810;2018;Edith Maria;Rayner;1318
1871811;2018;Birgit;Fahr;1318
1871812;2018;Cheyenne;Hanson;1318
1871813;2018;Katharina;Greif;1318
1871814;2018;Stefan;Herzog;1318
1871815;2018;Daniela;Woywode;1318
1871816;2018;Anna;Burghart;1318
1871817;2018;Martina;Buttala;1318
1871818;2018;Marcel;Frey;1318
1871819;2018;Raphael Markus;Heck;1318
1871820;2018;Marian Anton;Springer;1318
1860101;2018;Barbara;Stamm;1301
1860102;2018;Prof.Dr. Winfried;Bausback;1301
1860103;2018;Gerhard;Eck;1301
1860104;2018;Steffen;Vogel;1301
1860105;2018;Sandro;Kirchner;1301
1860106;2018;Manfred;Ländner;1301
1860107;2018;Judith;Gerlach;1301
1860108;2018;Thorsten;Schwab;1301
1860109;2018;Oliver;Jörg;1301
1860110;2018;Barbara;Becker;1301
1860111;2018;Berthold;Rüth;1301
1860112;2018;Juliane;Demar;1301
1860113;2018;Johanna;Rath;1301
1860114;2018;Steffen;Hörtler;1301
1860115;2018;Tibor;Brumme;1301
1860116;2018;Timo;Hennig;1301
1860117;2018;Karin;Passow;1301
1860118;2018;Stephan;Noll;1301
1860119;2018;Lothar;Zachmann;1301
1860201;2018;Volkmar;Halbleib;1302
1860202;2018;Martina;Fehlner;1302
1860203;2018;Georg;Rosenthal;1302
1860204;2018;Kathi;Petersen;1302
1860205;2018;Sven;Gottschalk;1302
1860206;2018;René;Eckert van;1302
1860207;2018;Michail;Fotokehagias;1302
1860208;2018;Jörg;Pischinger;1302
1860209;2018;Dr. Jürgen;Kößler;1302
1860210;2018;Norbert;Schaub;1302
1860211;2018;Sonja;Röhm;1302
1860212;2018;Lara;Albert;1302
1860213;2018;Martha;Bolkart-Mühlrath;1302
1860214;2018;Martina;Braum;1302
1860215;2018;Johanna;Bamberg-Reinwand;1302
1860216;2018;Eberhard;Grötsch;1302
1860217;2018;Thorsten;Meyerer;1302
1860218;2018;Harald;Schmid;1302
1860219;2018;Lutz;Laemmerhold;1302
1860301;2018;Gerald;Pittner;1303
1860302;2018;Anna;Stolz;1303
1860303;2018;Dr. Ulrike;Schneider;1303
1860304;2018;Frank;Stierhof;1303
1860305;2018;Manfred;Dülk;1303
1860306;2018;Dr. Hans Jürgen;Fahn;1303
1860307;2018;Thomas;Rützel;1303
1860308;2018;Bernd;Schötterl;1303
1860309;2018;Matthias;Kleren;1303
1860310;2018;Norbert;Ries;1303
1860311;2018;Walter;Kern;1303
1860312;2018;Cengiz;Zarbo;1303
1860313;2018;Norbert;Heinelt;1303
1860314;2018;Marco;Pintar;1303
1860315;2018;Engelbert;Schmid;1303
1860316;2018;Ulrich;Falk;1303
1860401;2018;Kerstin;Celina;1304
1860402;2018;Patrick;Friedl;1304
1860403;2018;Paul;Knoblach;1304
1860404;2018;Stefan;Wagener;1304
1860405;2018;Birgit;Reder-Zirkelbach;1304
1860406;2018;Yatin;Shah;1304
1860407;2018;Hans;Plate;1304
1860408;2018;Gregor;Münch;1304
1860409;2018;Volker;Goll;1304
1860410;2018;Joachim;Schneider;1304
1860411;2018;Anja;Baier;1304
1860412;2018;Birgid;Röder;1304
1860413;2018;Maria;Gößmann;1304
1860414;2018;Karina;Tippe;1304
1860415;2018;Marion;Becker;1304
1860416;2018;Petra;Winter;1304
1860417;2018;Marc;Selariu;1304
1860418;2018;Tatjana;Bergmann;1304
1860419;2018;Oliver;Eckardt;1304
1860501;2018;Dr. Helmut;Kaltenhauser;1305
1860502;2018;Wolfram;Fischer;1305
1860503;2018;Peter;Kolb;1305
1860504;2018;Wolfgang;Kuhl;1305
1860505;2018;Karl;Schenk Graf von Stau;1305
1860506;2018;Peter;Sander;1305
1860507;2018;Frank;Zimmermann;1305
1860508;2018;Dr. Hans-Joachim;Hofstetter;1305
1860509;2018;Hans;Müller;1305
1860510;2018;Gunnar;Bock;1305
1860511;2018;Dr. Astrid;Schenkel;1305
1860512;2018;Dr. Heinz;Linduschka;1305
1860513;2018;Hartmut;Rausch;1305
1860514;2018;Edda;Vorbeck;1305
1860515;2018;Harald;Pascher;1305
1860516;2018;Thilo;Schneider;1305
1860517;2018;Werner;Jannek;1305
1860518;2018;Patrick-Daniel;Betz;1305
1860519;2018;Dr. Holm;Brumme;1305
1860601;2018;Robert;Striesow;1306
1860602;2018;Florian;Beck;1306
1860603;2018;Martin;Timm;1306
1860604;2018;Christine;Pfaff;1306
1860605;2018;Georg;Liebl;1306
1860606;2018;Tobias;Schäffer;1306
1860607;2018;Christian;Hänsch;1306
1860608;2018;Kevin-Christopher;Hansen;1306
1860609;2018;Peter;Diekmann;1306
1860610;2018;Stefan;Häuslein;1306
1860611;2018;Doris;Dörnhöfer;1306
1860612;2018;Matthias;Freund;1306
1860613;2018;Andrea;Greber;1306
1860614;2018;Florence;Genheimer;1306
1860615;2018;Jutta;Greber;1306
1860616;2018;Simone;Barrientos Krauss;1306
1860617;2018;Angelika;Strobel;1306
1860618;2018;Peter;Siedler;1306
1860619;2018;Marga;Riedelsheimer;1306
1860701;2018;Uwe;Hartmann;1307
1860702;2018;Uta;Gilbert;1307
1860703;2018;Thorsten;Götz;1307
1860704;2018;Christian;Fieger;1307
1860705;2018;Oliver;Hess;1307
1860706;2018;Sabine;Götz;1307
1860707;2018;Benjamin;Nix;1307
1860708;2018;Franz;Sadlo;1307
1860709;2018;Matthias;Herberich;1307
1860710;2018;Raimund;Gilbert;1307
1860711;2018;Karl-Heinz;Rönninger;1307
1860712;2018;Felix;Trautmann;1307
1860713;2018;Birgit;Hartmann;1307
1860714;2018;Rudolf;Stadel;1307
1860715;2018;Jürgen;Rammig;1307
1860716;2018;Ingrid;Lutz;1307
1860717;2018;Ingrid;Weinmann;1307
1860718;2018;Gertrud;Brennfleck;1307
1860719;2018;Anette;Schneider;1307
1860801;2018;Bernhard;Schmitt;1308
1860802;2018;Klemens;Albert;1308
1860803;2018;Raimund;Binder;1308
1860804;2018;Michaela;Reinhard;1308
1860805;2018;Silvia;Paulus-Hildner;1308
1860806;2018;Rudolf;Lang;1308
1860807;2018;Wolfgang;Winter;1308
1860808;2018;Patricia;Welzenbach;1308
1860809;2018;Walther;Peeters;1308
1860810;2018;Stefan;Bretscher;1308
1860811;2018;Wolf;Bodisco von;1308
1860812;2018;Dietmar;May;1308
1860813;2018;Herbert;Pröstler;1308
1860814;2018;Esther;Wagenhäuser;1308
1860815;2018;Bianca;Tröge;1308
1860816;2018;Patrik;Dorsch;1308
1860817;2018;Katrin;Bauer;1308
1860818;2018;Marianne;Krommer;1308
1860819;2018;Benno;Friedrich;1308
1860901;2018;Mirco;Lukas;1309
1860902;2018;Michael;Kindermann;1309
1860903;2018;Maximilian;Winkler;1309
1860904;2018;Benjamin;Wildenauer;1309
1860905;2018;Wolfgang;Finke;1309
1861001;2018;Christiane;Thüngen Freifrau vo;1310
1861002;2018;Dr. Herbert;Konrad;1310
1861003;2018;Horst;Fischer;1310
1861004;2018;Joachim;Hubrich;1310
1861005;2018;Nadja;Thüngen Freifrau vo;1310
1861006;2018;Franz;Weber;1310
1861007;2018;Detlef;Tartsch;1310
1861008;2018;Christian;Metz;1310
1861009;2018;James Eric;Thüngen Freiherr vo;1310
1861010;2018;Kurt;Steinbauer;1310
1861011;2018;Peter;Wagner;1310
1861012;2018;Roslyn;Leist;1310
1861013;2018;Gabriele;Müller;1310
1861014;2018;Mechthild;Wagner-Blind;1310
1861015;2018;Matthias;Dürbeck;1310
1861016;2018;Ewald;Hemmelmann;1310
1861017;2018;Siegbert;Fuchs;1310
1861018;2018;Ursula;Mauser;1310
1861019;2018;Renate;Battiany-Fuchs;1310
1861101;2018;Richard;Graupner;1311
1861102;2018;Christian;Klingen;1311
1861103;2018;Klaus Uwe;Junker;1311
1861104;2018;Patrick;Geßner;1311
1861105;2018;Martin;Peter;1311
1861106;2018;Daniela;Mahler;1311
1861107;2018;Michael;Gebhardt;1311
1861108;2018;Alfred;Sacher;1311
1861109;2018;Freia;Lippold-Eggen;1311
1861110;2018;Kurt;Schreck;1311
1861301;2018;Matthias;Matuschik;1313
1861302;2018;Julia;Riegler;1313
1861303;2018;Julian;Höfner;1313
1861304;2018;Thomas;Lemmer;1313
1861305;2018;Daniela;Lampe;1313
1861306;2018;Elke;Günther;1313
1861307;2018;Beate;Schilling;1313
1861308;2018;Felix;Richter;1313
1861309;2018;Christl;Kern;1313
1861310;2018;Matthias;Seng;1313
1861311;2018;Ortwin;Pinke;1313
1861312;2018;Malte;Schilling;1313
1861313;2018;Gabriele;Krämer;1313
1861314;2018;Lillo;Marschhäuser;1313
1861501;2018;Andrea;Kübert;1315
1861502;2018;Markus;Ritter;1315
1861503;2018;Andreas;Portscher;1315
1861504;2018;Pascal;Schnatz;1315
1861505;2018;Lisa;Zeller;1315
1861506;2018;Erik;Buhn;1315
1861507;2018;Tobias;Klenk;1315
1861508;2018;Alena;Ament;1315
1861509;2018;Robert-Rolland;Blaschko;1315
1861510;2018;Kornelius;Pföhler;1315
1861511;2018;Bernd;Alm;1315
1861512;2018;Antonia;Kuger;1315
1861701;2018;Svenja;Sänger;1317
1861702;2018;Sabrina;Bremer;1317
1861703;2018;Katharina;Deckert;1317
1861704;2018;Jaqueline;Kraft;1317
1861801;2018;Sabine;Dietzler;1318
1861802;2018;Michael;Specht;1318
1861803;2018;Christine;Wolfram;1318
1861804;2018;Heinz;Großhans;1318
1861805;2018;Christian;Ortloff;1318
1861806;2018;Tanja;Schmitt;1318
1861807;2018;Bertram;Schmitt;1318
1861808;2018;Gabriel;Germann;1318
1861809;2018;Ingeborg;Ortloff;1318
1861810;2018;Regina;Leshel;1318
1861811;2018;Andreas;Dietzler;1318
1861812;2018;Tobias;Kraus;1318
1861813;2018;Andrea;Krebs;1318
1861814;2018;Torsten;Krebs;1318
